LAT,LON,mag
-77.5,332.5,0.905
-72.5,12.5,0.4571
-72.5,167.5,0.3628
-72.5,172.5,-0.135
-72.5,177.5,-0.095
-72.5,182.5,-0.1754
-72.5,187.5,-0.254
-72.5,192.5,-0.317
-72.5,197.5,-0.3536
-72.5,202.5,-0.3596
-72.5,212.5,-0.3655
-72.5,217.5,-0.3552
-72.5,222.5,-0.3278
-72.5,227.5,-0.378
-72.5,232.5,-0.402
-72.5,237.5,-0.3564
-72.5,242.5,-0.3969
-72.5,247.5,-0.3819
-72.5,252.5,-0.3793
-72.5,257.5,-0.366
-72.5,277.5,-0.2452
-72.5,282.5,-0.2504
-72.5,327.5,-0.2971
-72.5,332.5,-0.2951
-72.5,337.5,-0.2639
-72.5,342.5,-0.1746
-72.5,347.5,-0.1916
-67.5,7.5,-0.3279
-67.5,37.5,-0.1931
-67.5,62.5,-0.0249
-67.5,67.5,-0.1524
-67.5,72.5,-0.0745
-67.5,77.5,0.0178
-67.5,82.5,-0.1017
-67.5,92.5,0.4846
-67.5,112.5,0.6887
-67.5,142.5,0.4556
-67.5,147.5,-0.0209
-67.5,162.5,-0.1464
-67.5,167.5,-0.1305
-67.5,172.5,-0.0892
-67.5,177.5,-0.0569
-67.5,182.5,-0.1192
-67.5,187.5,-0.2169
-67.5,192.5,-0.2977
-67.5,197.5,-0.3697
-67.5,202.5,-0.4675
-67.5,207.5,-0.5524
-67.5,212.5,-0.5289
-67.5,217.5,-0.4874
-67.5,222.5,-0.5006
-67.5,227.5,-0.4687
-67.5,232.5,-0.4783
-67.5,237.5,-0.451
-67.5,242.5,-0.3632
-67.5,247.5,-0.3299
-67.5,252.5,-0.3221
-67.5,257.5,-0.3539
-67.5,262.5,-0.3567
-67.5,267.5,-0.3904
-67.5,272.5,-0.3753
-67.5,277.5,-0.3058
-67.5,282.5,-0.3152
-67.5,287.5,-0.3959
-67.5,292.5,-0.4799
-67.5,317.5,-0.437
-67.5,322.5,-0.4234
-67.5,327.5,-0.3378
-67.5,332.5,-0.2408
-67.5,337.5,-0.1351
-67.5,342.5,-0.0918
-67.5,347.5,-0.0893
-67.5,352.5,-0.1552
-67.5,357.5,-0.2531
-62.5,2.5,-0.1559
-62.5,7.5,-0.1406
-62.5,12.5,-0.1298
-62.5,17.5,-0.0763
-62.5,22.5,6.00E-04
-62.5,47.5,0.0719
-62.5,52.5,0.0744
-62.5,57.5,0.0985
-62.5,62.5,0.1107
-62.5,67.5,0.1399
-62.5,72.5,0.2225
-62.5,77.5,0.2975
-62.5,82.5,0.3755
-62.5,87.5,0.4303
-62.5,92.5,0.4624
-62.5,97.5,0.4633
-62.5,102.5,0.4017
-62.5,107.5,0.3657
-62.5,112.5,0.3693
-62.5,117.5,0.4209
-62.5,122.5,0.4669
-62.5,127.5,0.5189
-62.5,132.5,0.4944
-62.5,137.5,0.4499
-62.5,142.5,0.3752
-62.5,147.5,0.257
-62.5,152.5,0.1616
-62.5,157.5,0.0886
-62.5,162.5,0.0336
-62.5,167.5,-0.0258
-62.5,172.5,0.016
-62.5,177.5,0.0684
-62.5,182.5,0.0413
-62.5,187.5,-0.0118
-62.5,192.5,-0.0131
-62.5,197.5,0.042
-62.5,202.5,0.0298
-62.5,207.5,0.0041
-62.5,212.5,0.0657
-62.5,217.5,0.1453
-62.5,222.5,0.1949
-62.5,227.5,0.1819
-62.5,232.5,0.1337
-62.5,237.5,0.093
-62.5,242.5,0.0979
-62.5,247.5,0.0458
-62.5,252.5,-0.016
-62.5,257.5,-0.0711
-62.5,262.5,-0.1243
-62.5,267.5,-0.1769
-62.5,272.5,-0.1938
-62.5,277.5,-0.1535
-62.5,282.5,-0.1324
-62.5,287.5,-0.2109
-62.5,292.5,-0.3203
-62.5,297.5,-0.4346
-62.5,302.5,-0.4839
-62.5,307.5,-0.5473
-62.5,312.5,-0.5744
-62.5,317.5,-0.5978
-62.5,322.5,-0.6266
-62.5,327.5,-0.5131
-62.5,332.5,-0.4176
-62.5,337.5,-0.3476
-62.5,342.5,-0.2527
-62.5,347.5,-0.1663
-62.5,352.5,-0.133
-62.5,357.5,-0.1349
-57.5,2.5,-0.1388
-57.5,7.5,-0.0361
-57.5,12.5,5.00E-04
-57.5,17.5,0.0492
-57.5,22.5,0.1024
-57.5,27.5,0.0593
-57.5,42.5,0.051
-57.5,47.5,0.0411
-57.5,52.5,0.0698
-57.5,57.5,0.1237
-57.5,62.5,0.1697
-57.5,67.5,0.2684
-57.5,72.5,0.4038
-57.5,77.5,0.4577
-57.5,82.5,0.5326
-57.5,87.5,0.6368
-57.5,92.5,0.746
-57.5,97.5,0.8161
-57.5,102.5,0.7826
-57.5,107.5,0.7713
-57.5,112.5,0.8158
-57.5,117.5,0.9078
-57.5,122.5,0.9984
-57.5,127.5,1.073
-57.5,132.5,1.0887
-57.5,137.5,1.0931
-57.5,142.5,0.9984
-57.5,147.5,0.7744
-57.5,152.5,0.578
-57.5,157.5,0.4209
-57.5,162.5,0.2621
-57.5,167.5,0.1481
-57.5,172.5,0.1581
-57.5,177.5,0.2125
-57.5,182.5,0.1886
-57.5,187.5,0.1935
-57.5,192.5,0.3155
-57.5,197.5,0.4452
-57.5,202.5,0.4998
-57.5,207.5,0.6189
-57.5,212.5,0.7396
-57.5,217.5,0.8333
-57.5,222.5,0.9004
-57.5,227.5,0.863
-57.5,232.5,0.8054
-57.5,237.5,0.7009
-57.5,242.5,0.6457
-57.5,247.5,0.5587
-57.5,252.5,0.3876
-57.5,257.5,0.2972
-57.5,262.5,0.2354
-57.5,267.5,0.1759
-57.5,272.5,0.1952
-57.5,277.5,0.2508
-57.5,282.5,0.3142
-57.5,287.5,0.3095
-57.5,292.5,0.1047
-57.5,297.5,-0.0344
-57.5,302.5,-0.1912
-57.5,307.5,-0.4247
-57.5,312.5,-0.6621
-57.5,317.5,-0.8042
-57.5,322.5,-0.8369
-57.5,327.5,-0.7738
-57.5,332.5,-0.6904
-57.5,337.5,-0.6066
-57.5,342.5,-0.5069
-57.5,347.5,-0.3898
-57.5,352.5,-0.2877
-57.5,357.5,-0.2148
-52.5,2.5,-0.4405
-52.5,7.5,-0.2606
-52.5,12.5,-0.1353
-52.5,17.5,-0.0543
-52.5,22.5,-0.0424
-52.5,27.5,-0.0961
-52.5,32.5,-0.1437
-52.5,37.5,-0.1535
-52.5,42.5,-0.1427
-52.5,47.5,-0.0801
-52.5,52.5,-0.0128
-52.5,57.5,0.0166
-52.5,62.5,0.0624
-52.5,67.5,0.1396
-52.5,72.5,0.2079
-52.5,77.5,0.2141
-52.5,82.5,0.2041
-52.5,87.5,0.3016
-52.5,92.5,0.4769
-52.5,97.5,0.6113
-52.5,102.5,0.5967
-52.5,107.5,0.5712
-52.5,112.5,0.6035
-52.5,117.5,0.621
-52.5,122.5,0.6461
-52.5,127.5,0.6679
-52.5,132.5,0.7067
-52.5,137.5,0.726
-52.5,142.5,0.6432
-52.5,147.5,0.4736
-52.5,152.5,0.3503
-52.5,157.5,0.2237
-52.5,162.5,0.0451
-52.5,167.5,-0.1057
-52.5,172.5,-0.1247
-52.5,177.5,-0.0844
-52.5,182.5,-0.0924
-52.5,187.5,-0.0152
-52.5,192.5,0.2562
-52.5,197.5,0.5512
-52.5,202.5,0.7281
-52.5,207.5,0.887
-52.5,212.5,1.0095
-52.5,217.5,1.0419
-52.5,222.5,1.0577
-52.5,227.5,0.9599
-52.5,232.5,0.8454
-52.5,237.5,0.7069
-52.5,242.5,0.6388
-52.5,247.5,0.5456
-52.5,252.5,0.4024
-52.5,257.5,0.3571
-52.5,262.5,0.3188
-52.5,267.5,0.2983
-52.5,272.5,0.3377
-52.5,277.5,0.3925
-52.5,282.5,0.4561
-52.5,287.5,0.2683
-52.5,292.5,0.0767
-52.5,297.5,0.029
-52.5,302.5,-0.2283
-52.5,307.5,-0.4912
-52.5,312.5,-0.6808
-52.5,317.5,-0.7654
-52.5,322.5,-0.7988
-52.5,327.5,-0.9302
-52.5,332.5,-0.952
-52.5,337.5,-0.9172
-52.5,342.5,-0.8132
-52.5,347.5,-0.696
-52.5,352.5,-0.5965
-52.5,357.5,-0.5423
-47.5,2.5,-0.6957
-47.5,7.5,-0.52
-47.5,12.5,-0.3936
-47.5,17.5,-0.2405
-47.5,22.5,-0.1705
-47.5,27.5,-0.2409
-47.5,32.5,-0.3077
-47.5,37.5,-0.2027
-47.5,42.5,-0.3181
-47.5,47.5,-0.2443
-47.5,52.5,-0.0996
-47.5,57.5,-0.2217
-47.5,62.5,-0.2837
-47.5,67.5,-0.2835
-47.5,72.5,-0.2395
-47.5,77.5,-0.1734
-47.5,82.5,-0.1261
-47.5,87.5,-0.0245
-47.5,92.5,0.1169
-47.5,97.5,0.2464
-47.5,102.5,0.2569
-47.5,107.5,0.2419
-47.5,112.5,0.2624
-47.5,117.5,0.278
-47.5,122.5,0.3089
-47.5,127.5,0.3774
-47.5,132.5,0.4005
-47.5,137.5,0.3893
-47.5,142.5,0.2871
-47.5,147.5,0.1611
-47.5,152.5,0.0807
-47.5,157.5,-0.0078
-47.5,162.5,-0.2115
-47.5,167.5,-0.3965
-47.5,172.5,-0.4496
-47.5,177.5,-0.4355
-47.5,182.5,-0.3486
-47.5,187.5,-0.1697
-47.5,192.5,0.1373
-47.5,197.5,0.5521
-47.5,202.5,0.8308
-47.5,207.5,1.0219
-47.5,212.5,1.1162
-47.5,217.5,1.1429
-47.5,222.5,1.1249
-47.5,227.5,0.9357
-47.5,232.5,0.715
-47.5,237.5,0.5126
-47.5,242.5,0.4395
-47.5,247.5,0.3483
-47.5,252.5,0.2468
-47.5,257.5,0.3187
-47.5,262.5,0.3624
-47.5,267.5,0.4032
-47.5,272.5,0.4476
-47.5,277.5,0.4467
-47.5,282.5,0.4749
-47.5,287.5,0.1919
-47.5,292.5,0.1997
-47.5,297.5,0.0465
-47.5,302.5,-0.192
-47.5,307.5,-0.4938
-47.5,312.5,-0.6503
-47.5,317.5,-0.6945
-47.5,322.5,-0.8047
-47.5,327.5,-0.9667
-47.5,332.5,-1.0495
-47.5,337.5,-1.0556
-47.5,342.5,-0.9807
-47.5,347.5,-0.8936
-47.5,352.5,-0.8322
-47.5,357.5,-0.7968
-42.5,2.5,-0.5071
-42.5,7.5,-0.4521
-42.5,12.5,-0.3992
-42.5,17.5,-0.2833
-42.5,22.5,-0.1902
-42.5,27.5,-0.2762
-42.5,32.5,-0.3474
-42.5,37.5,-0.3484
-42.5,42.5,-0.3093
-42.5,47.5,-0.2214
-42.5,52.5,-0.1826
-42.5,57.5,-0.2316
-42.5,62.5,-0.3118
-42.5,67.5,-0.3189
-42.5,72.5,-0.2581
-42.5,77.5,-0.2092
-42.5,82.5,-0.1519
-42.5,87.5,-0.0811
-42.5,92.5,-0.0294
-42.5,97.5,-0.0294
-42.5,102.5,-0.119
-42.5,107.5,-0.2162
-42.5,112.5,-0.2381
-42.5,117.5,-0.1479
-42.5,122.5,0.0224
-42.5,127.5,0.1983
-42.5,132.5,0.2706
-42.5,137.5,0.2861
-42.5,142.5,0.2337
-42.5,147.5,0.3489
-42.5,152.5,0.2016
-42.5,157.5,0.1161
-42.5,162.5,-0.1647
-42.5,167.5,-0.4555
-42.5,172.5,-0.6366
-42.5,177.5,-0.568
-42.5,182.5,-0.3499
-42.5,187.5,-0.1275
-42.5,192.5,0.1859
-42.5,197.5,0.6148
-42.5,202.5,0.9374
-42.5,207.5,1.1267
-42.5,212.5,1.1332
-42.5,217.5,1.091
-42.5,222.5,0.9051
-42.5,227.5,0.6404
-42.5,232.5,0.3885
-42.5,237.5,0.1393
-42.5,242.5,0.0421
-42.5,247.5,0.0309
-42.5,252.5,0.0737
-42.5,257.5,0.3039
-42.5,262.5,0.4425
-42.5,267.5,0.5373
-42.5,272.5,0.5668
-42.5,277.5,0.47
-42.5,282.5,0.4485
-42.5,287.5,0.573
-42.5,292.5,0.9327
-42.5,297.5,0.2682
-42.5,302.5,0.1411
-42.5,307.5,-0.058
-42.5,312.5,-0.194
-42.5,317.5,-0.2582
-42.5,322.5,-0.303
-42.5,327.5,-0.4091
-42.5,332.5,-0.4725
-42.5,337.5,-0.4823
-42.5,342.5,-0.4692
-42.5,347.5,-0.4539
-42.5,352.5,-0.2945
-42.5,357.5,-0.5235
-37.5,2.5,0.1071
-37.5,7.5,0.0459
-37.5,12.5,-0.0092
-37.5,17.5,0.022
-37.5,22.5,0.0323
-37.5,27.5,-0.094
-37.5,32.5,-0.1415
-37.5,37.5,-0.0834
-37.5,42.5,0.0297
-37.5,47.5,0.1939
-37.5,52.5,0.2787
-37.5,57.5,0.282
-37.5,62.5,0.274
-37.5,67.5,0.2954
-37.5,72.5,0.3049
-37.5,77.5,0.3144
-37.5,82.5,0.3863
-37.5,87.5,0.3282
-37.5,92.5,0.221
-37.5,97.5,-0.0083
-37.5,102.5,-0.2777
-37.5,107.5,-0.4858
-37.5,112.5,-0.508
-37.5,117.5,-0.3481
-37.5,122.5,-0.0668
-37.5,127.5,0.1796
-37.5,132.5,0.3167
-37.5,137.5,0.4556
-37.5,142.5,0.8661
-37.5,147.5,1.3489
-37.5,152.5,0.752
-37.5,157.5,0.5278
-37.5,162.5,0.2235
-37.5,167.5,-0.1687
-37.5,172.5,-0.374
-37.5,177.5,-0.1884
-37.5,182.5,-0.1089
-37.5,187.5,0.181
-37.5,192.5,0.46
-37.5,197.5,0.8312
-37.5,202.5,1.0617
-37.5,207.5,1.1087
-37.5,212.5,0.9531
-37.5,217.5,0.7777
-37.5,222.5,0.4845
-37.5,227.5,0.1244
-37.5,232.5,-0.1305
-37.5,237.5,-0.3247
-37.5,242.5,-0.3349
-37.5,247.5,-0.2
-37.5,252.5,0.035
-37.5,257.5,0.2959
-37.5,262.5,0.5095
-37.5,267.5,0.6743
-37.5,272.5,0.7296
-37.5,277.5,0.5763
-37.5,282.5,0.3959
-37.5,287.5,0.7025
-37.5,292.5,0.994
-37.5,297.5,1.0885
-37.5,302.5,0.6854
-37.5,307.5,0.7161
-37.5,312.5,0.651
-37.5,317.5,0.5994
-37.5,322.5,0.5692
-37.5,327.5,0.5262
-37.5,332.5,0.5071
-37.5,337.5,0.4768
-37.5,342.5,0.4438
-37.5,347.5,0.4005
-37.5,352.5,0.3144
-37.5,357.5,0.1916
-32.5,2.5,0.7877
-32.5,7.5,0.5821
-32.5,12.5,0.4378
-32.5,17.5,0.457
-32.5,22.5,0.1981
-32.5,27.5,0.1254
-32.5,32.5,0.1917
-32.5,37.5,0.3783
-32.5,42.5,0.5812
-32.5,47.5,0.8224
-32.5,52.5,0.9543
-32.5,57.5,0.9941
-32.5,62.5,1.0391
-32.5,67.5,1.0804
-32.5,72.5,1.0919
-32.5,77.5,1.0863
-32.5,82.5,1.0201
-32.5,87.5,0.83
-32.5,92.5,0.5606
-32.5,97.5,0.1065
-32.5,102.5,-0.2804
-32.5,107.5,-0.5412
-32.5,112.5,-0.5415
-32.5,117.5,-0.3001
-32.5,122.5,0.187
-32.5,127.5,0.2851
-32.5,132.5,0.6817
-32.5,137.5,1.19
-32.5,142.5,2.0429
-32.5,147.5,3.1827
-32.5,152.5,1.7741
-32.5,157.5,1.0437
-32.5,162.5,0.5713
-32.5,167.5,0.1973
-32.5,172.5,0.0068
-32.5,177.5,0.0539
-32.5,182.5,0.2885
-32.5,187.5,0.6333
-32.5,192.5,0.873
-32.5,197.5,1.1136
-32.5,202.5,1.2137
-32.5,207.5,1.0473
-32.5,212.5,0.7514
-32.5,217.5,0.4567
-32.5,222.5,0.1534
-32.5,227.5,-0.1891
-32.5,232.5,-0.4154
-32.5,237.5,-0.537
-32.5,242.5,-0.4371
-32.5,247.5,-0.189
-32.5,252.5,0.1042
-32.5,257.5,0.4228
-32.5,262.5,0.7347
-32.5,267.5,0.9548
-32.5,272.5,0.9572
-32.5,277.5,0.613
-32.5,282.5,0.3605
-32.5,287.5,0.2991
-32.5,292.5,2.0337
-32.5,297.5,0.8765
-32.5,302.5,0.386
-32.5,307.5,1.025
-32.5,312.5,1.4753
-32.5,317.5,1.4126
-32.5,322.5,1.3003
-32.5,327.5,1.2431
-32.5,332.5,1.279
-32.5,337.5,1.3352
-32.5,342.5,1.3487
-32.5,347.5,1.2968
-32.5,352.5,1.1778
-32.5,357.5,0.9953
-27.5,2.5,1.0176
-27.5,7.5,0.7613
-27.5,12.5,0.5885
-27.5,17.5,0.5665
-27.5,22.5,-0.1463
-27.5,27.5,-0.5885
-27.5,32.5,0.1929
-27.5,37.5,0.7076
-27.5,42.5,0.9201
-27.5,47.5,1.1575
-27.5,52.5,1.2758
-27.5,57.5,1.26
-27.5,62.5,1.2431
-27.5,67.5,1.2498
-27.5,72.5,1.2079
-27.5,77.5,1.1656
-27.5,82.5,1.0751
-27.5,87.5,0.8375
-27.5,92.5,0.4625
-27.5,97.5,-0.052
-27.5,102.5,-0.42
-27.5,107.5,-0.5678
-27.5,112.5,-0.4834
-27.5,117.5,0.366
-27.5,122.5,0.709
-27.5,127.5,0.1108
-27.5,132.5,0.3407
-27.5,137.5,1.3352
-27.5,142.5,1.5437
-27.5,147.5,3.088
-27.5,152.5,2.4536
-27.5,157.5,0.8781
-27.5,162.5,0.6148
-27.5,167.5,0.3194
-27.5,172.5,0.1501
-27.5,177.5,0.287
-27.5,182.5,0.5587
-27.5,187.5,0.9654
-27.5,192.5,1.205
-27.5,197.5,1.3625
-27.5,202.5,1.3688
-27.5,207.5,1.1925
-27.5,212.5,0.8947
-27.5,217.5,0.4578
-27.5,222.5,0.1547
-27.5,227.5,-0.1599
-27.5,232.5,-0.3065
-27.5,237.5,-0.2989
-27.5,242.5,-0.1549
-27.5,247.5,0.1198
-27.5,252.5,0.3819
-27.5,257.5,0.7348
-27.5,262.5,1.0103
-27.5,267.5,1.1602
-27.5,272.5,1.0364
-27.5,277.5,0.6104
-27.5,282.5,0.2416
-27.5,287.5,0.2324
-27.5,292.5,2.1695
-27.5,297.5,1.5325
-27.5,302.5,0.63
-27.5,307.5,1.0686
-27.5,312.5,1.6553
-27.5,317.5,1.5659
-27.5,322.5,1.2866
-27.5,327.5,1.1424
-27.5,332.5,1.1691
-27.5,337.5,1.2789
-27.5,342.5,1.3924
-27.5,347.5,1.4516
-27.5,352.5,1.4106
-27.5,357.5,1.2671
-22.5,2.5,0.8715
-22.5,7.5,0.7607
-22.5,12.5,0.6553
-22.5,17.5,0.13
-22.5,22.5,-0.2877
-22.5,27.5,-0.2622
-22.5,32.5,-0.0226
-22.5,37.5,0.7181
-22.5,42.5,0.8066
-22.5,47.5,0.8277
-22.5,52.5,1.0203
-22.5,57.5,0.8667
-22.5,62.5,0.7409
-22.5,67.5,0.6429
-22.5,72.5,0.6105
-22.5,77.5,0.5808
-22.5,82.5,0.4858
-22.5,87.5,0.2647
-22.5,92.5,-0.0734
-22.5,97.5,-0.4328
-22.5,102.5,-0.5991
-22.5,107.5,-0.5464
-22.5,112.5,-0.3504
-22.5,117.5,0.2372
-22.5,122.5,0.2767
-22.5,127.5,-0.2482
-22.5,132.5,-0.3923
-22.5,137.5,-0.0457
-22.5,142.5,0.7146
-22.5,147.5,1.2754
-22.5,152.5,0.8234
-22.5,157.5,0.6718
-22.5,162.5,0.4886
-22.5,167.5,0.2906
-22.5,172.5,0.2333
-22.5,177.5,0.4227
-22.5,182.5,0.6654
-22.5,187.5,1.0976
-22.5,192.5,1.3562
-22.5,197.5,1.4674
-22.5,202.5,1.2746
-22.5,207.5,1.2077
-22.5,212.5,0.8323
-22.5,217.5,0.6067
-22.5,222.5,0.3224
-22.5,227.5,0.1768
-22.5,232.5,0.1711
-22.5,237.5,0.2454
-22.5,242.5,0.4112
-22.5,247.5,0.6185
-22.5,252.5,0.7768
-22.5,257.5,0.9276
-22.5,262.5,1.063
-22.5,267.5,1.0614
-22.5,272.5,0.8892
-22.5,277.5,0.6695
-22.5,282.5,0.5637
-22.5,287.5,0.601
-22.5,292.5,1.1983
-22.5,297.5,2.0669
-22.5,302.5,0.9633
-22.5,307.5,0.8774
-22.5,312.5,0.934
-22.5,317.5,1.0816
-22.5,322.5,0.7278
-22.5,327.5,0.5677
-22.5,332.5,0.5547
-22.5,337.5,0.6569
-22.5,342.5,0.8129
-22.5,347.5,0.9895
-22.5,352.5,1.0426
-22.5,357.5,1.0061
-17.5,2.5,0.5392
-17.5,7.5,0.8266
-17.5,12.5,0.3906
-17.5,17.5,-0.0143
-17.5,22.5,0.2963
-17.5,27.5,0.7566
-17.5,32.5,0.4565
-17.5,37.5,0.831
-17.5,42.5,0.662
-17.5,47.5,0.6615
-17.5,52.5,0.5008
-17.5,57.5,0.314
-17.5,62.5,0.0497
-17.5,67.5,-0.0964
-17.5,72.5,-0.118
-17.5,77.5,-0.1141
-17.5,82.5,-0.1418
-17.5,87.5,-0.2504
-17.5,92.5,-0.3328
-17.5,97.5,-0.3773
-17.5,102.5,-0.3381
-17.5,107.5,-0.2354
-17.5,112.5,-0.0953
-17.5,117.5,0.0432
-17.5,122.5,0.0942
-17.5,127.5,-0.5786
-17.5,132.5,-0.8377
-17.5,137.5,-0.167
-17.5,142.5,0.3304
-17.5,147.5,0.6397
-17.5,152.5,0.6238
-17.5,157.5,0.5694
-17.5,162.5,0.4817
-17.5,167.5,0.3673
-17.5,172.5,0.3796
-17.5,177.5,0.4578
-17.5,182.5,0.7593
-17.5,187.5,0.94
-17.5,192.5,1.1337
-17.5,197.5,1.314
-17.5,202.5,1.1504
-17.5,207.5,1.0174
-17.5,212.5,0.875
-17.5,217.5,0.7318
-17.5,222.5,0.7201
-17.5,227.5,0.6908
-17.5,232.5,0.7229
-17.5,237.5,0.7839
-17.5,242.5,0.8686
-17.5,247.5,0.9301
-17.5,252.5,0.9394
-17.5,257.5,0.9268
-17.5,262.5,0.9164
-17.5,267.5,0.8385
-17.5,272.5,0.8168
-17.5,277.5,0.9008
-17.5,282.5,1.0685
-17.5,287.5,1.0795
-17.5,292.5,0.8278
-17.5,297.5,1.1606
-17.5,302.5,1.0158
-17.5,307.5,1.1893
-17.5,312.5,1.1423
-17.5,317.5,1.1922
-17.5,322.5,0.329
-17.5,327.5,0.2185
-17.5,332.5,0.1404
-17.5,337.5,0.117
-17.5,342.5,0.1829
-17.5,347.5,0.2992
-17.5,352.5,0.3502
-17.5,357.5,0.4276
-12.5,2.5,0.2783
-12.5,7.5,0.9086
-12.5,12.5,1.0031
-12.5,17.5,0.4301
-12.5,22.5,0.9072
-12.5,27.5,1.0396
-12.5,32.5,0.9219
-12.5,37.5,0.7107
-12.5,42.5,0.4191
-12.5,47.5,0.3255
-12.5,52.5,0.1952
-12.5,57.5,0.0254
-12.5,62.5,-0.2956
-12.5,67.5,-0.4735
-12.5,72.5,-0.451
-12.5,77.5,-0.3567
-12.5,82.5,-0.3342
-12.5,87.5,-0.2802
-12.5,92.5,-0.1002
-12.5,97.5,0.1869
-12.5,102.5,0.2795
-12.5,107.5,0.2851
-12.5,112.5,0.1945
-12.5,117.5,0.1078
-12.5,122.5,0.1054
-12.5,127.5,0.1322
-12.5,132.5,0.1336
-12.5,137.5,0.4118
-12.5,142.5,0.4943
-12.5,147.5,0.6581
-12.5,152.5,0.6916
-12.5,157.5,0.6925
-12.5,162.5,0.6072
-12.5,167.5,0.5353
-12.5,172.5,0.5857
-12.5,177.5,0.5801
-12.5,182.5,0.6776
-12.5,187.5,0.7965
-12.5,192.5,0.842
-12.5,197.5,0.8927
-12.5,202.5,0.8864
-12.5,207.5,0.8393
-12.5,212.5,0.77
-12.5,217.5,0.874
-12.5,222.5,0.8558
-12.5,227.5,0.9334
-12.5,232.5,0.9451
-12.5,237.5,0.9396
-12.5,242.5,0.9272
-12.5,247.5,0.903
-12.5,252.5,0.8719
-12.5,257.5,0.8253
-12.5,262.5,0.7754
-12.5,267.5,0.7296
-12.5,272.5,0.8111
-12.5,277.5,1.1105
-12.5,282.5,1.3281
-12.5,287.5,0.9892
-12.5,292.5,0.2914
-12.5,297.5,0.6822
-12.5,302.5,0.9603
-12.5,307.5,1.1681
-12.5,312.5,1.2391
-12.5,317.5,1.145
-12.5,322.5,0.4522
-12.5,327.5,0.1194
-12.5,332.5,0.0238
-12.5,337.5,-0.1027
-12.5,342.5,-0.1661
-12.5,347.5,-0.1799
-12.5,352.5,-0.1858
-12.5,357.5,-0.0586
-7.5,2.5,0.2969
-7.5,7.5,0.9184
-7.5,12.5,1.0586
-7.5,17.5,1.0203
-7.5,22.5,1.2296
-7.5,27.5,1.0187
-7.5,32.5,0.8803
-7.5,37.5,0.7405
-7.5,42.5,0.3928
-7.5,47.5,0.3996
-7.5,52.5,0.3378
-7.5,57.5,0.1536
-7.5,62.5,-0.0952
-7.5,67.5,-0.2527
-7.5,72.5,-0.1641
-7.5,77.5,-0.187
-7.5,82.5,-0.1812
-7.5,87.5,-0.0807
-7.5,92.5,0.155
-7.5,97.5,0.4523
-7.5,102.5,0.6111
-7.5,107.5,0.5682
-7.5,112.5,0.4127
-7.5,117.5,0.2657
-7.5,122.5,0.1844
-7.5,127.5,0.2181
-7.5,132.5,0.3114
-7.5,137.5,0.4602
-7.5,142.5,0.4441
-7.5,147.5,0.6687
-7.5,152.5,0.8552
-7.5,157.5,0.7828
-7.5,162.5,0.7107
-7.5,167.5,0.7034
-7.5,172.5,0.6153
-7.5,177.5,0.4685
-7.5,182.5,0.3942
-7.5,187.5,0.2703
-7.5,192.5,0.1865
-7.5,197.5,0.1406
-7.5,202.5,0.1789
-7.5,207.5,0.248
-7.5,212.5,0.3652
-7.5,217.5,0.5018
-7.5,222.5,0.5437
-7.5,227.5,0.4967
-7.5,232.5,0.4616
-7.5,237.5,0.4508
-7.5,242.5,0.4883
-7.5,247.5,0.5345
-7.5,252.5,0.5831
-7.5,257.5,0.6123
-7.5,262.5,0.6377
-7.5,267.5,0.658
-7.5,272.5,0.7919
-7.5,277.5,1.1252
-7.5,282.5,0.7978
-7.5,287.5,0.5067
-7.5,292.5,0.731
-7.5,297.5,0.641
-7.5,302.5,0.8497
-7.5,307.5,1.0066
-7.5,312.5,1.199
-7.5,317.5,1.3179
-7.5,322.5,0.5933
-7.5,327.5,0.4332
-7.5,332.5,0.3384
-7.5,337.5,0.2284
-7.5,342.5,0.0959
-7.5,347.5,0.0051
-7.5,352.5,-0.1549
-7.5,357.5,-0.0601
-2.5,2.5,0.3988
-2.5,7.5,0.7774
-2.5,12.5,0.607
-2.5,17.5,0.7337
-2.5,22.5,0.9776
-2.5,27.5,0.9744
-2.5,32.5,1.1938
-2.5,37.5,1.207
-2.5,42.5,0.6438
-2.5,47.5,0.7472
-2.5,52.5,0.7478
-2.5,57.5,0.5564
-2.5,62.5,0.3192
-2.5,67.5,0.129
-2.5,72.5,0.0694
-2.5,77.5,0.0396
-2.5,82.5,-0.0136
-2.5,87.5,-5.00E-04
-2.5,92.5,0.1147
-2.5,97.5,0.3123
-2.5,102.5,0.9009
-2.5,107.5,0.5976
-2.5,112.5,0.6215
-2.5,117.5,0.4019
-2.5,122.5,0.335
-2.5,127.5,0.3999
-2.5,132.5,0.5077
-2.5,137.5,0.609
-2.5,142.5,0.7438
-2.5,147.5,0.8957
-2.5,152.5,0.8817
-2.5,157.5,0.9036
-2.5,162.5,0.8545
-2.5,167.5,0.7076
-2.5,172.5,0.5323
-2.5,177.5,0.269
-2.5,182.5,-0.0429
-2.5,187.5,-0.3675
-2.5,192.5,-0.5651
-2.5,197.5,-0.6365
-2.5,202.5,-0.5888
-2.5,207.5,-0.456
-2.5,212.5,-0.2482
-2.5,217.5,-0.0917
-2.5,222.5,-0.1203
-2.5,227.5,-0.1675
-2.5,232.5,-0.1871
-2.5,237.5,-0.1465
-2.5,242.5,-0.057
-2.5,247.5,0.042
-2.5,252.5,0.1608
-2.5,257.5,0.2912
-2.5,262.5,0.4306
-2.5,267.5,0.5454
-2.5,272.5,0.7707
-2.5,277.5,0.8129
-2.5,282.5,0.9537
-2.5,287.5,0.5363
-2.5,292.5,0.7094
-2.5,297.5,0.7373
-2.5,302.5,0.977
-2.5,307.5,0.8184
-2.5,312.5,0.6596
-2.5,317.5,0.7407
-2.5,322.5,0.7223
-2.5,327.5,0.7601
-2.5,332.5,0.8219
-2.5,337.5,0.7997
-2.5,342.5,0.6457
-2.5,347.5,0.352
-2.5,352.5,0.1112
-2.5,357.5,0.1386
2.5,2.5,0.4523
2.5,7.5,0.6573
2.5,12.5,0.7887
2.5,17.5,1.4248
2.5,22.5,0.8649
2.5,27.5,1.2661
2.5,32.5,1.5057
2.5,37.5,1.5554
2.5,42.5,1.272
2.5,47.5,0.98
2.5,52.5,0.9444
2.5,57.5,0.7423
2.5,62.5,0.4726
2.5,67.5,0.2462
2.5,72.5,0.1523
2.5,77.5,0.0982
2.5,82.5,0.026
2.5,87.5,-0.0405
2.5,92.5,-0.0373
2.5,97.5,0.2677
2.5,102.5,0.5815
2.5,107.5,0.4348
2.5,112.5,0.6399
2.5,117.5,0.5381
2.5,122.5,0.4721
2.5,127.5,0.5494
2.5,132.5,0.6603
2.5,137.5,0.8051
2.5,142.5,0.8998
2.5,147.5,0.9221
2.5,152.5,0.924
2.5,157.5,0.9448
2.5,162.5,0.9332
2.5,167.5,0.8165
2.5,172.5,0.5797
2.5,177.5,0.2554
2.5,182.5,-0.0799
2.5,187.5,-0.4365
2.5,192.5,-0.6489
2.5,197.5,-0.7228
2.5,202.5,-0.6803
2.5,207.5,-0.5375
2.5,212.5,-0.3341
2.5,217.5,-0.1579
2.5,222.5,-0.1789
2.5,227.5,-0.2053
2.5,232.5,-0.2256
2.5,237.5,-0.1983
2.5,242.5,-0.1107
2.5,247.5,-0.0223
2.5,252.5,0.0773
2.5,257.5,0.1976
2.5,262.5,0.34
2.5,267.5,0.4778
2.5,272.5,0.607
2.5,277.5,0.6258
2.5,282.5,0.8877
2.5,287.5,0.6911
2.5,292.5,0.9282
2.5,297.5,0.9434
2.5,302.5,0.9011
2.5,307.5,0.4748
2.5,312.5,0.4033
2.5,317.5,0.414
2.5,322.5,0.6023
2.5,327.5,0.8707
2.5,332.5,1.0966
2.5,337.5,1.2185
2.5,342.5,1.1284
2.5,347.5,0.8006
2.5,352.5,0.4666
2.5,357.5,0.3121
7.5,2.5,0.577
7.5,7.5,0.6196
7.5,12.5,1.0659
7.5,17.5,1.622
7.5,22.5,1.0809
7.5,27.5,1.0632
7.5,32.5,1.3502
7.5,37.5,1.4313
7.5,42.5,1.3377
7.5,47.5,1.4044
7.5,52.5,0.862
7.5,57.5,0.7267
7.5,62.5,0.4922
7.5,67.5,0.2862
7.5,72.5,0.2536
7.5,77.5,0.2324
7.5,82.5,0.2391
7.5,87.5,0.1548
7.5,92.5,0.1271
7.5,97.5,0.1924
7.5,102.5,0.2325
7.5,107.5,0.236
7.5,112.5,0.2754
7.5,117.5,0.4625
7.5,122.5,0.5799
7.5,127.5,0.6119
7.5,132.5,0.6724
7.5,137.5,0.6644
7.5,142.5,0.7435
7.5,147.5,0.7718
7.5,152.5,0.796
7.5,157.5,0.8718
7.5,162.5,0.9038
7.5,167.5,0.8695
7.5,172.5,0.7021
7.5,177.5,0.4947
7.5,182.5,0.2666
7.5,187.5,0.0534
7.5,192.5,-0.09
7.5,197.5,-0.1514
7.5,202.5,-0.1328
7.5,207.5,-0.0381
7.5,212.5,0.1033
7.5,217.5,0.2668
7.5,222.5,0.336
7.5,227.5,0.385
7.5,232.5,0.3838
7.5,237.5,0.3522
7.5,242.5,0.3735
7.5,247.5,0.3874
7.5,252.5,0.3736
7.5,257.5,0.3764
7.5,262.5,0.4172
7.5,267.5,0.4797
7.5,272.5,0.5581
7.5,277.5,0.6051
7.5,282.5,0.6966
7.5,287.5,1.6344
7.5,292.5,0.7741
7.5,297.5,0.671
7.5,302.5,0.9261
7.5,307.5,0.6816
7.5,312.5,0.4991
7.5,317.5,0.375
7.5,322.5,0.5003
7.5,327.5,0.7614
7.5,332.5,0.9831
7.5,337.5,1.1085
7.5,342.5,1.1206
7.5,347.5,0.989
7.5,352.5,1.0864
7.5,357.5,0.7815
12.5,2.5,0.9717
12.5,7.5,2.2237
12.5,12.5,3.0915
12.5,17.5,2.8558
12.5,22.5,2.1669
12.5,27.5,2.7874
12.5,32.5,3.2023
12.5,37.5,1.2876
12.5,42.5,1.6199
12.5,47.5,1.0399
12.5,52.5,0.8471
12.5,57.5,0.7904
12.5,62.5,0.6401
12.5,67.5,0.4527
12.5,72.5,0.3764
12.5,77.5,0.7562
12.5,82.5,0.5199
12.5,87.5,0.5766
12.5,92.5,0.5652
12.5,97.5,0.4564
12.5,102.5,0.9935
12.5,107.5,0.9524
12.5,112.5,0.3919
12.5,117.5,0.6552
12.5,122.5,0.7394
12.5,127.5,0.6915
12.5,132.5,0.6758
12.5,137.5,0.5717
12.5,142.5,0.5885
12.5,147.5,0.6555
12.5,152.5,0.6704
12.5,157.5,0.732
12.5,162.5,0.7539
12.5,167.5,0.7776
12.5,172.5,0.7483
12.5,177.5,0.6437
12.5,182.5,0.5429
12.5,187.5,0.4757
12.5,192.5,0.415
12.5,197.5,0.3768
12.5,202.5,0.3722
12.5,207.5,0.3996
12.5,212.5,0.4563
12.5,217.5,0.55
12.5,222.5,0.6762
12.5,227.5,0.8109
12.5,232.5,0.8646
12.5,237.5,0.8575
12.5,242.5,0.8448
12.5,247.5,0.7775
12.5,252.5,0.6865
12.5,257.5,0.6152
12.5,262.5,0.5794
12.5,267.5,0.5445
12.5,272.5,0.4373
12.5,277.5,0.4957
12.5,282.5,0.4951
12.5,287.5,0.6435
12.5,292.5,0.6075
12.5,297.5,0.8134
12.5,302.5,0.8698
12.5,307.5,0.7689
12.5,312.5,0.6064
12.5,317.5,0.4769
12.5,322.5,0.5143
12.5,327.5,0.6683
12.5,332.5,0.7549
12.5,337.5,0.6932
12.5,342.5,0.6902
12.5,347.5,0.6152
12.5,352.5,0.536
12.5,357.5,0.5018
17.5,2.5,2.306
17.5,7.5,3.1485
17.5,12.5,3.5687
17.5,17.5,3.2493
17.5,22.5,2.5547
17.5,27.5,1.6754
17.5,32.5,2.6559
17.5,37.5,1.9701
17.5,42.5,2.0254
17.5,47.5,1.4884
17.5,52.5,0.8229
17.5,57.5,0.9337
17.5,62.5,0.9131
17.5,67.5,0.7533
17.5,72.5,0.6386
17.5,77.5,0.7142
17.5,82.5,0.7348
17.5,87.5,0.9742
17.5,92.5,0.8972
17.5,97.5,1.3254
17.5,102.5,1.8072
17.5,107.5,0.6649
17.5,112.5,0.6177
17.5,117.5,1.0177
17.5,122.5,1.1727
17.5,127.5,1.0206
17.5,132.5,0.7596
17.5,137.5,0.5894
17.5,142.5,0.524
17.5,147.5,0.4844
17.5,152.5,0.4457
17.5,157.5,0.4869
17.5,162.5,0.5612
17.5,167.5,0.6143
17.5,172.5,0.6973
17.5,177.5,0.6925
17.5,182.5,0.6572
17.5,187.5,0.6468
17.5,192.5,0.5894
17.5,197.5,0.6319
17.5,202.5,0.6322
17.5,207.5,0.5514
17.5,212.5,0.5151
17.5,217.5,0.5072
17.5,222.5,0.5774
17.5,227.5,0.7381
17.5,232.5,0.8699
17.5,237.5,0.9456
17.5,242.5,0.9367
17.5,247.5,0.8091
17.5,252.5,0.7209
17.5,257.5,0.8257
17.5,262.5,0.69
17.5,267.5,0.8264
17.5,272.5,0.5611
17.5,277.5,0.5017
17.5,282.5,0.4086
17.5,287.5,0.3577
17.5,292.5,0.4955
17.5,297.5,0.6682
17.5,302.5,0.7996
17.5,307.5,0.7647
17.5,312.5,0.6839
17.5,317.5,0.6053
17.5,322.5,0.6171
17.5,327.5,0.7278
17.5,332.5,0.7421
17.5,337.5,0.4817
17.5,342.5,0.2695
17.5,347.5,0.3435
17.5,352.5,0.4648
17.5,357.5,0.8522
22.5,2.5,0.068
22.5,7.5,-0.3074
22.5,12.5,0.9029
22.5,17.5,1.5667
22.5,22.5,1.5438
22.5,27.5,1.098
22.5,32.5,1.3322
22.5,37.5,1.7945
22.5,42.5,2.5553
22.5,47.5,1.6742
22.5,52.5,0.8398
22.5,57.5,0.8267
22.5,62.5,1.0411
22.5,67.5,0.8558
22.5,72.5,0.3008
22.5,77.5,0.2954
22.5,82.5,0.0563
22.5,87.5,0.074
22.5,92.5,0.3047
22.5,97.5,0.6126
22.5,102.5,1.469
22.5,107.5,1.593
22.5,112.5,1.5965
22.5,117.5,1.4227
22.5,122.5,1.4615
22.5,127.5,1.196
22.5,132.5,0.8923
22.5,137.5,0.6512
22.5,142.5,0.4703
22.5,147.5,0.3249
22.5,152.5,0.2269
22.5,157.5,0.3989
22.5,162.5,0.555
22.5,167.5,0.7604
22.5,172.5,0.9308
22.5,177.5,1.0145
22.5,182.5,1.0096
22.5,187.5,0.9933
22.5,192.5,0.9798
22.5,197.5,0.9469
22.5,202.5,0.8932
22.5,207.5,0.703
22.5,212.5,0.5923
22.5,217.5,0.5053
22.5,222.5,0.4783
22.5,227.5,0.5274
22.5,232.5,0.6148
22.5,237.5,0.6711
22.5,242.5,0.6308
22.5,247.5,0.4954
22.5,252.5,0.5575
22.5,257.5,2.0541
22.5,262.5,1.5243
22.5,267.5,1.1835
22.5,272.5,0.9681
22.5,277.5,0.7114
22.5,282.5,0.5106
22.5,287.5,0.3956
22.5,292.5,0.509
22.5,297.5,0.6417
22.5,302.5,0.7195
22.5,307.5,0.7114
22.5,312.5,0.6486
22.5,317.5,0.6073
22.5,322.5,0.6396
22.5,327.5,0.7379
22.5,332.5,0.7638
22.5,337.5,0.6304
22.5,342.5,0.3337
22.5,347.5,-0.1776
22.5,352.5,-0.7068
22.5,357.5,-0.4537
27.5,2.5,-1.933
27.5,7.5,-1.8362
27.5,12.5,-1.3559
27.5,17.5,-0.5461
27.5,22.5,0.3162
27.5,27.5,0.742
27.5,32.5,0.5592
27.5,37.5,1.3813
27.5,42.5,1.3574
27.5,47.5,0.9764
27.5,52.5,1.0372
27.5,57.5,1.431
27.5,62.5,1.4267
27.5,67.5,0.1372
27.5,72.5,0.184
27.5,77.5,-0.1758
27.5,82.5,-0.4597
27.5,87.5,-0.0867
27.5,92.5,0.7952
27.5,97.5,1.1859
27.5,102.5,2.0209
27.5,107.5,2.5372
27.5,112.5,2.6344
27.5,117.5,2.5321
27.5,122.5,1.4924
27.5,127.5,1.2606
27.5,132.5,1.0371
27.5,137.5,0.8404
27.5,142.5,0.5042
27.5,147.5,0.435
27.5,152.5,0.426
27.5,157.5,0.6201
27.5,162.5,0.8979
27.5,167.5,1.2806
27.5,172.5,1.6058
27.5,177.5,1.7476
27.5,182.5,1.6477
27.5,187.5,1.6223
27.5,192.5,1.5561
27.5,197.5,1.4224
27.5,202.5,1.1951
27.5,207.5,0.9136
27.5,212.5,0.7316
27.5,217.5,0.6098
27.5,222.5,0.5261
27.5,227.5,0.4578
27.5,232.5,0.3954
27.5,237.5,0.2757
27.5,242.5,0.1169
27.5,247.5,0.1236
27.5,252.5,0.715
27.5,257.5,2.8947
27.5,262.5,2.6841
27.5,267.5,1.4743
27.5,272.5,1.1742
27.5,277.5,1.2536
27.5,282.5,0.8822
27.5,287.5,0.8543
27.5,292.5,0.9019
27.5,297.5,0.9877
27.5,302.5,0.9745
27.5,307.5,0.8575
27.5,312.5,0.7302
27.5,317.5,0.6505
27.5,322.5,0.6349
27.5,327.5,0.6459
27.5,332.5,0.6546
27.5,337.5,0.6579
27.5,342.5,0.6755
27.5,347.5,0.2546
27.5,352.5,-1.4143
27.5,357.5,-1.9798
32.5,2.5,-1.4568
32.5,7.5,-1.0699
32.5,12.5,-0.8437
32.5,17.5,0.2348
32.5,22.5,-0.4491
32.5,27.5,0.1402
32.5,32.5,0.1152
32.5,37.5,0.1722
32.5,42.5,0.4589
32.5,47.5,0.3285
32.5,52.5,0.4096
32.5,57.5,1.289
32.5,62.5,2.1205
32.5,67.5,1.5133
32.5,72.5,0.2411
32.5,77.5,-0.1525
32.5,82.5,-0.0535
32.5,87.5,0.0554
32.5,92.5,0.0169
32.5,97.5,1.0254
32.5,102.5,2.1115
32.5,107.5,1.8992
32.5,112.5,2.7494
32.5,117.5,2.5699
32.5,122.5,1.3362
32.5,127.5,1.2675
32.5,132.5,1.1636
32.5,137.5,0.9522
32.5,142.5,0.7141
32.5,147.5,0.4846
32.5,152.5,0.3817
32.5,157.5,0.5191
32.5,162.5,0.8353
32.5,167.5,1.3085
32.5,172.5,1.7294
32.5,177.5,1.986
32.5,182.5,1.9547
32.5,187.5,1.76
32.5,192.5,1.5814
32.5,197.5,1.3698
32.5,202.5,1.0624
32.5,207.5,0.6206
32.5,212.5,0.3762
32.5,217.5,0.3458
32.5,222.5,0.3635
32.5,227.5,0.4005
32.5,232.5,0.3426
32.5,237.5,0.0679
32.5,242.5,-0.2814
32.5,247.5,0.0937
32.5,252.5,1.0536
32.5,257.5,2.1761
32.5,262.5,3.1479
32.5,267.5,4.6614
32.5,272.5,4.0732
32.5,277.5,3.338
32.5,282.5,1.3731
32.5,287.5,1.2876
32.5,292.5,1.4143
32.5,297.5,1.3646
32.5,302.5,1.4366
32.5,307.5,1.2446
32.5,312.5,1.0645
32.5,317.5,0.9221
32.5,322.5,0.7903
32.5,327.5,0.6768
32.5,332.5,0.5943
32.5,337.5,0.5993
32.5,342.5,0.6357
32.5,347.5,0.7892
32.5,352.5,0.033
32.5,357.5,-0.8172
37.5,2.5,-0.1107
37.5,7.5,-0.2133
37.5,12.5,0.3239
37.5,17.5,0.3056
37.5,22.5,0.2401
37.5,27.5,-0.3259
37.5,32.5,-1.2993
37.5,37.5,-0.2888
37.5,42.5,-1.049
37.5,47.5,0.0923
37.5,52.5,0.4346
37.5,57.5,1.9234
37.5,62.5,1.7191
37.5,67.5,1.8108
37.5,72.5,0.9202
37.5,77.5,0.5022
37.5,82.5,1.2948
37.5,87.5,1.0843
37.5,92.5,0.587
37.5,97.5,1.2921
37.5,102.5,1.4896
37.5,107.5,2.7704
37.5,112.5,3.0272
37.5,117.5,2.3193
37.5,122.5,1.0606
37.5,127.5,1.2385
37.5,132.5,1.1713
37.5,137.5,0.8937
37.5,142.5,0.5337
37.5,147.5,0.0937
37.5,152.5,-0.1916
37.5,157.5,-0.2571
37.5,162.5,-0.1245
37.5,167.5,0.2025
37.5,172.5,0.6182
37.5,177.5,0.971
37.5,182.5,1.0404
37.5,187.5,0.9396
37.5,192.5,0.7473
37.5,197.5,0.4616
37.5,202.5,0.0984
37.5,207.5,-0.4051
37.5,212.5,-0.6934
37.5,217.5,-0.6164
37.5,222.5,-0.3686
37.5,227.5,0.0269
37.5,232.5,0.25
37.5,237.5,0.1339
37.5,242.5,-0.0466
37.5,247.5,0.2884
37.5,252.5,1.3984
37.5,257.5,1.0723
37.5,262.5,2.6391
37.5,267.5,3.6263
37.5,272.5,4.636
37.5,277.5,4.3237
37.5,282.5,2.5017
37.5,287.5,1.6386
37.5,292.5,1.6511
37.5,297.5,1.7661
37.5,302.5,1.6788
37.5,307.5,1.4498
37.5,312.5,1.2896
37.5,317.5,1.1838
37.5,322.5,1.0384
37.5,327.5,0.9742
37.5,332.5,0.9067
37.5,337.5,0.7871
37.5,342.5,0.7984
37.5,347.5,0.8513
37.5,352.5,0.421
37.5,357.5,0.0879
42.5,2.5,-0.4165
42.5,7.5,0.2556
42.5,12.5,-0.0871
42.5,17.5,-0.907
42.5,22.5,-3.7396
42.5,27.5,-1.6874
42.5,32.5,-0.8651
42.5,37.5,-0.6716
42.5,42.5,-2.1027
42.5,47.5,0.2551
42.5,52.5,0.4536
42.5,57.5,2.645
42.5,62.5,2.0122
42.5,67.5,2.2006
42.5,72.5,1.7831
42.5,77.5,0.9722
42.5,82.5,2.1409
42.5,87.5,1.5842
42.5,92.5,1.061
42.5,97.5,1.1934
42.5,102.5,1.7297
42.5,107.5,2.2927
42.5,112.5,2.6971
42.5,117.5,2.5344
42.5,122.5,2.0241
42.5,127.5,1.816
42.5,132.5,1.5545
42.5,137.5,0.6567
42.5,142.5,0.2025
42.5,147.5,-0.3644
42.5,152.5,-0.714
42.5,157.5,-0.9697
42.5,162.5,-1.0085
42.5,167.5,-0.8546
42.5,172.5,-0.5948
42.5,177.5,-0.3117
42.5,182.5,-0.145
42.5,187.5,-0.15
42.5,192.5,-0.271
42.5,197.5,-0.4866
42.5,202.5,-0.7649
42.5,207.5,-1.1901
42.5,212.5,-1.414
42.5,217.5,-1.2912
42.5,222.5,-0.8992
42.5,227.5,-0.2767
42.5,232.5,0.1684
42.5,237.5,-1.6558
42.5,242.5,-4.2872
42.5,247.5,-2.6932
42.5,252.5,-2.6806
42.5,257.5,-0.0022
42.5,262.5,2.3013
42.5,267.5,3.6707
42.5,272.5,3.2277
42.5,277.5,2.5307
42.5,282.5,3.3158
42.5,287.5,3.1957
42.5,292.5,1.682
42.5,297.5,1.6043
42.5,302.5,1.4226
42.5,307.5,1.2353
42.5,312.5,1.0673
42.5,317.5,0.9837
42.5,322.5,0.9454
42.5,327.5,0.931
42.5,332.5,0.9288
42.5,337.5,0.9542
42.5,342.5,0.9421
42.5,347.5,0.8627
42.5,352.5,0.6149
42.5,357.5,-0.25
47.5,2.5,-1.606
47.5,7.5,-2.5301
47.5,12.5,-2.4794
47.5,17.5,-3.6376
47.5,22.5,-4.2282
47.5,27.5,-2.12
47.5,32.5,-0.832
47.5,37.5,-0.3259
47.5,42.5,0.1853
47.5,47.5,1.4033
47.5,52.5,1.8866
47.5,57.5,2.9615
47.5,62.5,2.5699
47.5,67.5,2.2761
47.5,72.5,2.0788
47.5,77.5,1.7221
47.5,82.5,1.4837
47.5,87.5,2.2112
47.5,92.5,2.8084
47.5,97.5,0.825
47.5,102.5,-0.3678
47.5,107.5,-0.1014
47.5,112.5,-0.1627
47.5,117.5,0.8746
47.5,122.5,2.2119
47.5,127.5,2.7266
47.5,132.5,3.2111
47.5,137.5,2.4042
47.5,142.5,0.1841
47.5,147.5,-0.3182
47.5,152.5,-0.5571
47.5,157.5,-0.8171
47.5,162.5,-0.8594
47.5,167.5,-0.8443
47.5,172.5,-0.7981
47.5,177.5,-0.6983
47.5,182.5,-0.657
47.5,187.5,-0.6546
47.5,192.5,-0.5944
47.5,197.5,-0.5436
47.5,202.5,-0.6572
47.5,207.5,-0.8379
47.5,212.5,-0.7037
47.5,217.5,-0.8487
47.5,222.5,-0.5549
47.5,227.5,-0.1212
47.5,232.5,0.0257
47.5,237.5,-1.7272
47.5,242.5,-4.4774
47.5,247.5,-3.4208
47.5,252.5,-1.5767
47.5,257.5,0.1171
47.5,262.5,3.1182
47.5,267.5,3.8433
47.5,272.5,1.8252
47.5,277.5,3.8657
47.5,282.5,5.168
47.5,287.5,4.5566
47.5,292.5,3.4687
47.5,297.5,1.1645
47.5,302.5,1.0082
47.5,307.5,0.7853
47.5,312.5,0.7007
47.5,317.5,0.5795
47.5,322.5,0.5556
47.5,327.5,0.6227
47.5,332.5,0.7029
47.5,337.5,0.7862
47.5,342.5,0.7887
47.5,347.5,0.6859
47.5,352.5,0.5184
47.5,357.5,0.1673
52.5,2.5,0.4771
52.5,7.5,-0.3521
52.5,12.5,-1.2778
52.5,17.5,-0.739
52.5,22.5,-0.8777
52.5,27.5,-0.3396
52.5,32.5,-0.1894
52.5,37.5,0.5817
52.5,42.5,0.307
52.5,47.5,1.5248
52.5,52.5,1.7436
52.5,57.5,2.4963
52.5,62.5,2.2942
52.5,67.5,2.3849
52.5,72.5,1.6457
52.5,77.5,2.042
52.5,82.5,2.2711
52.5,87.5,2.3872
52.5,92.5,3.5546
52.5,97.5,2.5465
52.5,102.5,1.5174
52.5,107.5,0.4573
52.5,112.5,0.9759
52.5,117.5,1.3496
52.5,122.5,2.8696
52.5,127.5,4.106
52.5,132.5,4.4802
52.5,137.5,3.9402
52.5,142.5,3.5528
52.5,147.5,0.1366
52.5,152.5,0.0359
52.5,157.5,-0.169
52.5,162.5,-0.0373
52.5,167.5,0.0359
52.5,172.5,-0.1569
52.5,177.5,-0.175
52.5,182.5,-0.1726
52.5,187.5,0.034
52.5,192.5,0.2352
52.5,197.5,0.2754
52.5,202.5,0.1744
52.5,207.5,0.1077
52.5,212.5,0.1823
52.5,217.5,0.2769
52.5,222.5,0.3447
52.5,227.5,0.1783
52.5,232.5,-0.6961
52.5,237.5,-1.3726
52.5,242.5,-1.1325
52.5,247.5,2.0878
52.5,252.5,4.4413
52.5,257.5,6.2235
52.5,262.5,5.8258
52.5,267.5,6.6191
52.5,272.5,6.8944
52.5,277.5,4.5402
52.5,282.5,4.7889
52.5,287.5,4.4638
52.5,292.5,3.2984
52.5,297.5,2.2863
52.5,302.5,1.2273
52.5,307.5,0.7677
52.5,312.5,0.6268
52.5,317.5,0.4562
52.5,322.5,0.3819
52.5,327.5,0.4121
52.5,332.5,0.444
52.5,337.5,0.4875
52.5,342.5,0.4928
52.5,347.5,0.5187
52.5,352.5,0.5822
52.5,357.5,0.2956
57.5,2.5,0.9164
57.5,7.5,0.8812
57.5,12.5,0.9081
57.5,17.5,0.6787
57.5,22.5,0.8706
57.5,27.5,1.5877
57.5,32.5,1.45
57.5,37.5,0.5424
57.5,42.5,0.5592
57.5,47.5,1.129
57.5,52.5,1.6193
57.5,57.5,-0.1914
57.5,62.5,-0.1288
57.5,67.5,-0.686
57.5,72.5,0.1847
57.5,77.5,0.3453
57.5,82.5,0.1879
57.5,87.5,1.2514
57.5,92.5,3.3517
57.5,97.5,3.3137
57.5,102.5,2.7011
57.5,107.5,2.6982
57.5,112.5,2.9125
57.5,117.5,2.7293
57.5,122.5,3.2464
57.5,127.5,3.828
57.5,132.5,3.6248
57.5,137.5,2.7111
57.5,142.5,1.0078
57.5,147.5,0.9173
57.5,152.5,0.7515
57.5,157.5,0.3259
57.5,162.5,0.2551
57.5,167.5,0.9548
57.5,172.5,0.8622
57.5,177.5,0.6584
57.5,182.5,0.7211
57.5,187.5,0.9479
57.5,192.5,1.4322
57.5,197.5,1.1427
57.5,202.5,0.6471
57.5,207.5,0.6913
57.5,212.5,1.0162
57.5,217.5,1.1273
57.5,222.5,0.9102
57.5,227.5,1.2745
57.5,232.5,3.0035
57.5,237.5,5.2415
57.5,242.5,4.1668
57.5,247.5,5.4093
57.5,252.5,7.2911
57.5,257.5,7.6438
57.5,262.5,6.8494
57.5,267.5,5.7733
57.5,282.5,6.6714
57.5,287.5,4.9356
57.5,292.5,3.2263
57.5,297.5,2.0484
57.5,302.5,0.6776
57.5,307.5,0.8886
57.5,312.5,0.8381
57.5,317.5,0.6592
57.5,322.5,0.5352
57.5,327.5,0.4147
57.5,332.5,0.3125
57.5,337.5,0.289
57.5,342.5,0.3144
57.5,347.5,0.3537
57.5,352.5,0.5933
57.5,357.5,0.7729
62.5,2.5,1.1053
62.5,7.5,1.7527
62.5,12.5,2.7607
62.5,17.5,1.5325
62.5,22.5,1.3998
62.5,27.5,2.5772
62.5,32.5,2.8873
62.5,37.5,2.1106
62.5,42.5,2.5708
62.5,47.5,2.0056
62.5,52.5,0.9104
62.5,57.5,0.103
62.5,62.5,-0.8729
62.5,67.5,-1.2607
62.5,72.5,-0.5089
62.5,77.5,-0.7944
62.5,82.5,-0.2252
62.5,87.5,3.0737
62.5,92.5,3.1694
62.5,97.5,2.502
62.5,102.5,2.8356
62.5,107.5,3.7118
62.5,112.5,3.4166
62.5,117.5,4.9207
62.5,122.5,4.5519
62.5,127.5,4.5726
62.5,132.5,3.4691
62.5,137.5,2.0327
62.5,142.5,-0.0702
62.5,147.5,-0.5569
62.5,152.5,1.1063
62.5,157.5,1.0346
62.5,162.5,0.6282
62.5,167.5,-0.2016
62.5,172.5,-0.0379
62.5,177.5,0.9298
62.5,182.5,1.1514
62.5,187.5,1.7557
62.5,192.5,2.0694
62.5,197.5,1.6963
62.5,202.5,0.7257
62.5,207.5,-0.4878
62.5,212.5,1.1661
62.5,217.5,3.5744
62.5,222.5,3.4238
62.5,227.5,5.895
62.5,232.5,7.4138
62.5,237.5,7.2778
62.5,242.5,7.0481
62.5,247.5,7.8819
62.5,252.5,8.3988
62.5,257.5,8.007
62.5,262.5,7.7539
62.5,277.5,4
62.5,302.5,0.9872
62.5,307.5,1.3104
62.5,312.5,1.5176
62.5,317.5,1.1339
62.5,322.5,0.8684
62.5,327.5,0.5571
62.5,332.5,0.3496
62.5,337.5,0.4612
62.5,342.5,0.4953
62.5,347.5,0.576
62.5,352.5,0.7965
62.5,357.5,0.9907
67.5,2.5,1.3192
67.5,7.5,1.3042
67.5,12.5,1.4411
67.5,17.5,2.3104
67.5,22.5,2.5877
67.5,27.5,3.3048
67.5,32.5,2.5958
67.5,37.5,2.5397
67.5,42.5,1.6872
67.5,47.5,2.493
67.5,52.5,2.2582
67.5,57.5,1.9645
67.5,62.5,1.1709
67.5,67.5,0.2793
67.5,72.5,-0.7359
67.5,77.5,-0.8873
67.5,82.5,2.8741
67.5,87.5,2.8499
67.5,92.5,0.1081
67.5,97.5,0.9427
67.5,102.5,1.1001
67.5,107.5,1.1242
67.5,112.5,2.6833
67.5,117.5,1.9704
67.5,122.5,3.0207
67.5,127.5,2.1754
67.5,132.5,2.7438
67.5,137.5,-0.2342
67.5,142.5,-1.0306
67.5,147.5,0.6687
67.5,152.5,1.341
67.5,157.5,2.238
67.5,162.5,0.5074
67.5,167.5,1.2335
67.5,172.5,1.0763
67.5,177.5,4.0841
67.5,197.5,1.1132
67.5,202.5,-0.2951
67.5,207.5,0.2425
67.5,212.5,4.6235
67.5,217.5,11.7223
67.5,222.5,9.4518
67.5,227.5,8.5148
67.5,232.5,7.8271
67.5,287.5,2.4674
67.5,307.5,1.6885
67.5,312.5,2.3108
67.5,317.5,2.2009
67.5,322.5,1.3354
67.5,327.5,0.7913
67.5,332.5,0.5246
67.5,337.5,0.5526
67.5,342.5,0.7772
67.5,347.5,0.7033
67.5,352.5,0.9657
67.5,357.5,1.1919
72.5,2.5,1.2304
72.5,7.5,1.2383
72.5,12.5,1.2303
72.5,17.5,1.5023
72.5,22.5,1.2032
72.5,27.5,1.1498
72.5,32.5,1.3328
72.5,37.5,1.2804
72.5,42.5,1.2964
72.5,47.5,1.3338
72.5,52.5,1.8305
72.5,57.5,1.2265
72.5,62.5,1.1821
72.5,82.5,2.6186
72.5,87.5,3.002
72.5,92.5,1.2585
72.5,97.5,2.7001
72.5,102.5,3.4561
72.5,107.5,1.8163
72.5,112.5,0.1713
72.5,117.5,-0.1414
72.5,122.5,0.2166
72.5,127.5,0.1471
72.5,147.5,0.8931
72.5,307.5,2.2941
72.5,312.5,2.7385
72.5,317.5,2.6019
72.5,322.5,2.0728
72.5,327.5,1.4928
72.5,332.5,0.5714
72.5,342.5,0.4919
72.5,347.5,0.8309
72.5,352.5,1.0804
72.5,357.5,1.1481
77.5,2.5,1.0954
77.5,7.5,1.1653
77.5,12.5,1.4288
77.5,17.5,1.2237
77.5,22.5,1.2117
77.5,27.5,1.1969
77.5,32.5,1.1854
77.5,37.5,1.2497
77.5,42.5,1.3052
77.5,47.5,1.3205
77.5,52.5,1.2309
77.5,57.5,1.1437
77.5,62.5,1.1055
77.5,67.5,1.2133
77.5,72.5,1.0701
77.5,77.5,11.6007
77.5,102.5,6.9864
77.5,137.5,2.0886
77.5,272.5,2.9929
77.5,342.5,-1.9867
77.5,357.5,0.9422
82.5,12.5,1.1336
82.5,17.5,1.1568
82.5,22.5,1.0465
82.5,27.5,0.9637
82.5,32.5,0.9891
82.5,37.5,1.0204
82.5,42.5,1.0858
82.5,47.5,1.1992
82.5,57.5,9.2645